ssn,creditCard,firstName,lastName,address,city,state,postalCode,email,phone
546-47-3001,180039961034188,Eileen,Mcmillan,"PSC 1999, Box 0951",APO,AA,74921,oserrano@example.org,(563)654-2796x2692
255-87-6522,347267845110771,Vincent,Green,64757 Jackson Avenue,Paulfort,LA,99303,lshelton@example.com,456.617.8747x10451
386-35-5884,4196471025195677,Rebecca,Marsh,59052 Green Flats Apt. 154,Jessemouth,VA,20141,markharrington@example.net,110.900.3556x74220
355-21-5321,4595291948359375,David,Wright,Unit 0717 Box 5177,DPO,AP,12156,roseeric@example.net,703.794.5782x4865
620-67-4624,3511180707338337,Theresa,Williams,175 Lindsey View Apt. 798,Garciachester,MP,49935,zleon@example.org,001-625-339-3620
653-74-7340,583067934625,Rhonda,Fowler,99932 Joe Parkways,Williammouth,PR,61912,jacob43@example.com,+1-467-426-3888x8832
522-62-5143,2247529452388678,Carrie,Golden,0839 Porter Parks Suite 678,Elizabethton,AZ,42099,anthony42@example.org,(098)859-1379
540-43-0402,630478298627,Tyler,Bush,223 Bowen Coves,Stephaniestad,KY,76065,glenn59@example.org,+1-257-375-8269x0453
596-56-8649,4158596363336784214,Brett,Esparza,72740 Lori Haven Apt. 115,Port Katherine,AZ,30846,thomasfranklin@example.net,+1-201-767-3199x045
423-17-4857,341157510488055,Seth,Garcia,57046 Mooney Field Apt. 621,North Daniellechester,WY,61996,martinezshawn@example.com,(733)811-4713x148
587-24-2159,675946067161,Katie,Williams,65030 Munoz Spring,Elizabethland,WI,61490,brandonchavez@example.net,2553695576
111-49-9261,4588934123277421054,Lauren,Nguyen,66827 Stephanie Lake,Turnerport,TX,10696,pearsonjacqueline@example.org,802.528.0253x56052
574-14-4659,370736601218168,John,Henderson,1529 Michael Field,East Wendymouth,AK,90683,xsmith@example.com,182-535-8612
300-61-4379,379112778583241,Mary,Farley,0463 Fisher Cove,Jacksonburgh,HI,78299,terrellsarah@example.net,001-721-490-9031
667-97-3969,581101816154,Erica,Irwin,03810 Justin Trafficway Apt. 340,Port Melissaberg,GA,66999,johndecker@example.org,166-630-7431
651-03-8773,6011818910775484,Amy,Campos,63598 Laura Shoals,North Martinstad,FL,60470,phorton@example.org,715-771-0267
513-16-0495,6011224916434236,Matthew,West,1875 Brandon Way,North Elizabeth,NJ,28907,wendywatts@example.org,(638)681-2886x632
420-88-9127,30446191496909,Paula,Robinson,8451 Heath Gardens Suite 553,Morenoville,TX,59486,andrew91@example.org,+1-820-652-8529x0738
517-69-2597,2287376944194301,Jacob,Cole,79097 Orozco Islands Suite 457,Kathleenhaven,ME,43489,otaylor@example.org,376-322-6521
241-31-4660,4164422824334,Bradley,Miller,8848 Shields Meadow,New Christopher,IN,48301,mbarnett@example.com,001-928-050-5085
692-25-0041,676120483661,Ian,Thomas,5385 Anthony Ford,Lake Nicoleburgh,DE,13566,jonathanli@example.com,3199192908
479-85-8458,639035084339,Jason,Salazar,1226 Kristina Union Suite 984,Lake Kerriville,MN,01817,douglas29@example.net,+1-335-766-2628
823-16-5107,6541749108510210,Claudia,Joyce,635 Dean Springs,Lake Zachary,VI,40914,jennifer82@example.net,001-960-468-1617x713
523-94-9347,6011973793556061,Monica,Cox,329 Elizabeth Summit,Lake Brittneyshire,AZ,34282,judy68@example.net,212-191-3834x064
647-51-9113,4267971747024218317,Mary,Green,0865 Wall Burg,Sandraton,OK,38581,corey30@example.net,220.174.6624
475-36-4260,4043552937118,Rachel,Craig,223 Thomas Mills,New Cheryl,MD,12424,pkeith@example.net,001-054-338-3116x038
216-80-8039,3552014262365114,Diana,Owen,"PSC 7104, Box 0779",APO,AA,01177,bnguyen@example.com,051.811.3509x563
633-50-2677,5328312137643444,Christopher,Smith,91345 Savannah Springs Suite 738,South Amanda,ME,21325,xroberts@example.com,+1-734-537-9048x40507
774-41-4316,30127136398141,Robert,Harmon,USS Huynh,FPO,AA,33212,drivera@example.com,952.300.4266x8520
124-91-9218,4850482199092,Cassandra,Perez,5648 Nicholas Port,South Randy,IN,67663,goldenthomas@example.org,+1-100-221-7343x4873
653-12-0558,3580522153318204,Trevor,Miranda,303 William Villages Apt. 716,Smithborough,FL,51458,oramos@example.org,5899697173
557-10-6291,4945166584110357147,Kathryn,Russo,7965 Miller Branch Apt. 636,South Gregoryberg,NH,91641,collinsstacey@example.com,001-668-622-9368x39855
862-86-6111,30180397464540,Audrey,Davis,"PSC 1781, Box 4422",APO,AA,95086,johnsonyesenia@example.org,001-055-260-0634x621
026-13-5368,6529493738142237,John,Lowe,25708 Harris Drive Apt. 525,Rojasland,SC,98877,blackphilip@example.net,739.698.0680
412-28-9800,30066803381727,Logan,Kennedy,970 Johnson Falls,Dianefurt,KY,48696,elizabeth68@example.net,059.740.3381x750
582-97-0126,2282465660884271,Laura,Castaneda,176 Galvan Mills,Port Jasmineville,AZ,48439,galvanjason@example.net,485.816.1584x399
511-16-4039,4618423654864966963,Samuel,Davis,631 Samuel Inlet Suite 987,Rachelborough,SC,45798,katherineanderson@example.org,(685)088-1269x94663
267-74-7784,30585069349672,Elizabeth,Blackwell,Unit 7165 Box 1128,DPO,AP,26292,john63@example.com,(758)679-4487
517-25-7621,38419114884016,Deborah,Potts,702 Cheryl Club,Joshuashire,KY,26116,roberthayes@example.org,6304654944
246-18-2484,2280358844738061,Julie,Hays,Unit 7339 Box 6581,DPO,AP,19273,ladkins@example.org,8973621644
837-33-7546,30371546798736,Lori,Johnson,29437 Travis Estate,East Matthew,RI,97926,camachoronnie@example.com,001-954-055-6460x8551
333-88-9840,6011669563981394,Brenda,Brooks,4520 Kristen Shores Suite 091,East Kaylaland,WA,93084,ashley18@example.org,001-610-948-9822x46492
342-68-8325,3575547731218656,Raymond,Little,3643 Craig River Apt. 174,South Rebeccaside,RI,06629,mario06@example.com,176.259.9730x74381
023-38-4774,4578398497167526416,Mary,Aguilar,3383 Kimberly Avenue Apt. 714,Briggshaven,WA,69757,ronald74@example.org,4445351162
128-75-9853,4870299305476,Amanda,Malone,49890 Sydney Wells Suite 370,New Michele,AL,75792,ihall@example.net,187-649-5276x980
396-30-0401,30057134602824,Joseph,Newton,31986 Perez Glens Suite 543,Gardnerchester,AR,45988,jessemarks@example.org,6730781424
222-89-1139,4619734682166649,Tiffany,Parrish,60715 Kim Spurs Apt. 196,East Jamesshire,DE,74495,kbrewer@example.org,(662)432-0791
168-86-2296,2486351630575492,Laura,Sweeney,67442 Black Greens Suite 004,Garciaville,AR,20791,catherinemccarthy@example.net,383.076.0135x483
693-51-1248,4995736383447321,Pamela,Lynn,6913 Taylor Oval Suite 378,Port David,MA,92838,amber54@example.net,(730)909-7814x617
867-62-8392,4137999817923,Jacob,Harmon,680 Madeline Isle Suite 801,West Jimmyhaven,DE,01782,avasquez@example.org,001-061-352-6589x86523
602-98-1740,30440552309785,Harold,Murphy,019 James Trail,Coxhaven,TN,99576,jasonwatts@example.org,(086)884-9984x760
208-01-3190,213137040251830,Rebecca,Walker,4799 Jackson Park,East Wayneside,PR,14694,simondonald@example.com,001-659-857-8439x67448
672-77-8512,372441528174820,Laurie,Jimenez,654 Kelly Bypass,North Meganstad,PA,85024,kjones@example.org,001-544-736-8727x824
033-24-3185,676207511376,Jimmy,Hubbard,91882 Cross Trail,Ramirezhaven,TN,05204,bjohnson@example.net,599-304-2670x1165
130-93-8549,6011816906941466,Stephen,Matthews,51529 Shannon Vista Suite 789,Justinchester,NM,51007,victor31@example.net,475.121.6113x67972
056-46-6395,3503856442680212,Vanessa,Stafford,884 Tiffany Summit,South Patriciastad,PW,50386,morrisrobert@example.com,646.153.3428
120-33-3079,4383600560176998,Tiffany,Park,292 Hardy Court,Francismouth,NY,15147,drewdrake@example.com,001-557-800-5585x012
445-78-2944,4381755300935442,Gavin,Parker,7538 Gavin Dam,Andrewstown,CT,45495,hnguyen@example.com,001-729-386-6679x030
714-61-2068,343708958034831,Melanie,Baker,USS Newman,FPO,AP,42451,chelseajohnson@example.net,+1-553-649-9231x178
696-58-5709,213157491761673,Jerry,Ford,7541 Aguilar Square,Crawfordtown,MH,62122,marylucero@example.com,318.823.7645
070-85-3368,5265262468597435,Deborah,Singh,USCGC Andrade,FPO,AE,05262,anthonyknapp@example.net,351-985-0918
205-71-6270,4268680789585035482,Brandon,Mcguire,751 Jamie Ports,Ruizchester,MH,46925,igiles@example.org,+1-974-701-9759x3636
117-36-4598,3592484423228000,Ronald,Perez,35320 Jonathan Pike,Collinsshire,IN,47769,ashleypham@example.net,+1-644-163-4797x2976
361-36-2454,6540876168110770,Tracy,Martin,677 Susan View,Guzmanfurt,ID,30694,erika71@example.com,(545)044-7594x4092
347-37-0453,180046438615127,Abigail,Turner,1399 Joseph Drives Apt. 167,Tranville,IL,72746,sandersveronica@example.net,515.883.4519x4936
081-74-7834,373818802220099,Mitchell,Carroll,054 Jon Circle,Lake Stephenside,MH,58311,leahroth@example.com,001-368-451-3797x3922
808-82-7681,4917887105717189,Jacob,Murray,639 Carter Passage Apt. 898,South Alyssa,UT,76283,edwin72@example.org,421.185.7380
709-94-9127,2256171786097168,Joel,Waller,438 Esparza Harbors Apt. 107,Millerborough,DC,12098,smiller@example.org,(140)667-4211x8339
302-04-4063,3557015504608331,Thomas,Johnson,698 Joshua Junction,South Dylan,MA,19905,oliveralexander@example.net,609-166-6882
561-57-6414,3562721213311504,Edward,Gilbert,43141 Carter Spurs,West Brandyton,KS,99810,porteryolanda@example.com,+1-383-705-8263x9027
605-75-5526,4578727008568152868,Kimberly,Henry,43186 Mcguire Inlet,Loribury,WI,20628,travismiller@example.org,752-037-1029x0802
325-77-8855,2519797502115448,April,Richardson,09734 Holloway Road Suite 143,Lake Amber,KY,46739,xjohnson@example.com,001-471-510-4763x945
588-58-4849,4673141341033785,Travis,Shaffer,1058 Toni Lodge Suite 432,Lake Alexismouth,NV,26890,ashley94@example.net,221.927.3236x9456
787-16-9543,6549284351716084,David,Lowe,"PSC 8027, Box 5124",APO,AE,78437,henry64@example.net,116-669-2550
558-46-2435,6586085637666728,Andrew,Schultz,94148 Jillian Squares Suite 897,Terryport,FM,27934,jessejohnson@example.org,001-330-146-9878x2859
787-62-1839,4921497836784146,Christina,Fischer,160 Morgan Stravenue Apt. 584,Vincentfort,HI,22512,jamiemccoy@example.org,3543936242
247-59-2837,4083502598724992,Megan,Kelly,10305 Jessica Cove,Lake Tracy,WA,17634,vwarren@example.org,219-176-1675x47085
281-58-6254,4849026237767233,John,Garza,19069 Nicole Creek,Kellymouth,FL,03058,kristenschneider@example.com,523-362-2934
057-64-6849,379055497901782,Melissa,Rose,12796 Barbara Expressway,Smithtown,MS,65765,marywagner@example.net,+1-921-389-9041
343-65-5916,3580935143378767,Timothy,Harris,8915 Stephanie Spurs,West Mistyland,AZ,69014,walshkara@example.org,3958229519
177-84-0729,3515591102763067,Dorothy,Robbins,13292 Barbara Underpass Suite 941,Lake Garyland,VT,48399,candicehart@example.org,001-409-403-3512x33210
025-41-8742,2622090216223474,Mary,Clarke,771 Brett Mill Suite 445,Clarkville,IN,98584,usalas@example.org,+1-313-036-1411
009-34-2453,6546910784790667,Brian,Beck,7667 Christopher Cove,Garyton,AK,63425,lopezdavid@example.org,364-030-2874
125-57-1074,2520031851176737,Jimmy,Hancock,8230 Henderson Lodge,Juliaside,TX,22795,brownshannon@example.org,635-916-7725x4770
332-29-7016,501830081136,Darrell,Olson,790 Acosta Hills Suite 639,New Amymouth,IN,80796,hwilliams@example.org,949-925-7896x67646
240-96-7976,2234175984069546,Andrew,Hall,33780 George Harbors,West Ryan,NY,09537,joshua59@example.net,+1-491-570-7847x79480
099-33-7643,180080523783516,Thomas,Carroll,83768 Smith Turnpike Suite 695,Lake Amanda,MI,09546,aaronclark@example.org,3365814147
258-32-0860,4404839417159592,Morgan,Li,844 Misty Skyway,Sullivanmouth,SC,71636,thall@example.org,3361101383
630-72-5359,3593212548870300,William,Bishop,54016 Hall Village,Port Juan,ME,62932,floresrobert@example.com,725-685-5374x4160
331-03-5202,2230465790262862,Jennifer,Abbott,38752 Mccann Heights Apt. 447,Mcdanielview,IL,05598,dyork@example.org,533-152-0764x29964
885-42-4690,3576443882754989,Brian,Carlson,403 Mueller Crest Suite 163,Lake Jonathan,WV,77477,rwatkins@example.com,925.648.0064x85235
495-81-4672,6561030971349183,Elizabeth,Alvarez,34642 Parrish Passage,Mayoland,MO,04534,haley66@example.org,356-114-0070x8752
286-73-3375,6011648938664315,Caroline,Curry,0663 Sarah Port Apt. 593,Holderport,TX,99144,samanthaknapp@example.net,+1-228-257-8374x370
758-31-7195,4087514650016031,James,Thomas,21083 Savannah Manor,Melissaville,IL,82184,bjenkins@example.net,898-244-4070x9912
307-33-9262,4783864563879513,Jennifer,Smith,37811 Boyd Extension,North Zachary,CA,33850,djones@example.net,(328)204-8469
626-53-1956,4455992392304176,Justin,Boyd,USS Graves,FPO,AA,80890,dale28@example.com,877-200-4844x5855
863-20-2300,4241363222486,Eric,Dunn,5765 Murphy Orchard Apt. 485,New Michaelside,MT,42289,johnsjudy@example.net,(835)915-5909x9768
428-97-1517,30349599105777,Stephanie,Williams,596 Snyder Shore,Jennifershire,OR,36368,dramirez@example.net,+1-539-927-4017x84710
520-06-9865,3502888582382474,Ross,Cobb,229 Maria Mills Suite 483,New Annfort,TX,17031,wgrant@example.net,(444)886-5074x9412
800-79-1693,4925334023645499,Anthony,Willis,24285 Jesse Inlet Suite 352,New James,DC,63008,gjones@example.com,(384)266-3898
